[
  {
    "model": "users.user",
    "pk": 1,
    "fields": {
      "username": "Jossie",
      "password": "pbkdf2_sha256$260000$KxnSfs6mqMZEYW8Qx2dpYJ$69GQsc6g2IqudDVKQiu0R9Tw/XcaVNP8Zg+4gN/tczI=",
      "email": "jossie@gmail.com",
      "main_image": "image/upload/v1631241716/ndqpojooderpg3vpfztk.jpg",
      "gender": "female",
      "token": "f9ad22017ef324c6a14810bf9baf9057dfc65b941f7e62f5d4a3e553e37c",
      "token_expires": "2021-11-30T03:22:01.153Z",
      "created_at": "2021-09-10T02:41:56.809Z",
      "updated_at": "2021-09-10T03:22:01.153Z"
    }
  },
  {
    "model": "users.user",
    "pk": 2,
    "fields": {
      "username": "Rachel",
      "password": "pbkdf2_sha256$260000$TPhZQyZdpYbBHbroYQSbbG$PJbCbTLqaMwLdcEBC9csJsuc96j03S6kAE1nemHRNXM=",
      "email": "rachel@gmail.com",
      "main_image": "image/upload/v1631243656/c8lih9snyib4ld6tth3m.jpg",
      "gender": "female",
      "token": "1828ad91bea3e212e78b34fe568b77ec0b3ad7560c410b8f4d60c8a7faeb",
      "token_expires": "2021-11-30T02:42:36Z",
      "created_at": "2021-09-10T02:42:37.376Z",
      "updated_at": "2021-09-10T03:14:16.666Z"
    }
  },
  {
    "model": "users.user",
    "pk": 3,
    "fields": {
      "username": "Monica",
      "password": "pbkdf2_sha256$260000$bhKhH3YeFA8sTEuBbMy6do$B+Xggl1bCirS/pjgwgmH7iTRwptLxXj615wpAnUF9Fc=",
      "email": "monica@gmail.com",
      "main_image": "image/upload/v1631243612/ya6zhch4jrasyxcilorm.jpg",
      "gender": "female",
      "token": "f06a59925ff52ea0689ee26dca8092548313e6e009be3f7665756a394537",
      "token_expires": "2021-11-30T02:43:24Z",
      "created_at": "2021-09-10T02:43:25.618Z",
      "updated_at": "2021-09-10T03:13:33.553Z"
    }
  },
  {
    "model": "users.user",
    "pk": 4,
    "fields": {
      "username": "Mr. Goodman",
      "password": "pbkdf2_sha256$260000$Ra6WOXU90N3hXY4GTNTv3f$fNScLM/OiCv1YKkGb9gfTfcdggX+7him9voI2YFyrmQ=",
      "email": "goodman@gmail.com",
      "main_image": "image/upload/v1631242787/arvxr4qyhlmlsahim1li.jpg",
      "gender": "male",
      "token": "fefc554f50b31b89c5a071d11798de39ec91c3a7515ea2c0f3644eb2bca0",
      "token_expires": "2021-11-30T02:59:45.134Z",
      "created_at": "2021-09-10T02:59:47.489Z",
      "updated_at": "2021-09-10T02:59:47.489Z"
    }
  },
  {
    "model": "users.user",
    "pk": 5,
    "fields": {
      "username": "Rocky",
      "password": "pbkdf2_sha256$260000$XL7QsOqtADZZTUvhalELKj$4sLwD1tCoQjoFpT4YGvVOhCTtnwMLCboN6nOnQPvqWY=",
      "email": "rocky@gmail.com",
      "main_image": "image/upload/v1631242833/c7tl0rujdp7knhbdfdzg.jpg",
      "gender": "male",
      "token": "9e4cb511a1e911c88977008cbdc41b966b53c92a11ffe0dca06ad7efc419",
      "token_expires": "2021-11-30T03:00:31.738Z",
      "created_at": "2021-09-10T03:00:33.954Z",
      "updated_at": "2021-09-10T03:00:33.954Z"
    }
  },
  {
    "model": "users.user",
    "pk": 6,
    "fields": {
      "username": "Jane",
      "password": "pbkdf2_sha256$260000$pgcYx4LFAj7jeh5ECjDof1$RHwl4pGJedpK1s6xK2NUwvBSuiNbRVFhBzRdFiWQRNw=",
      "email": "jane@gmail.com",
      "main_image": "image/upload/v1631243230/hayr68amnbzrbbujdxd8.jpg",
      "gender": "female",
      "token": "18f2e46de4e1e5bf8be8632f5b05efa172f9dcd45820e0fed40c6cb6952c",
      "token_expires": "2021-11-30T03:01:48Z",
      "created_at": "2021-09-10T03:01:49.106Z",
      "updated_at": "2021-09-10T03:07:11.420Z"
    }
  },
  {
    "model": "users.user",
    "pk": 7,
    "fields": {
      "username": "Anny",
      "password": "pbkdf2_sha256$260000$z2nt5WjBjkvwTTxoEHToaF$n6sE+mAOEJ0e+paLDSov1hYyuYmjonb0qmcqAGyESSk=",
      "email": "anny@gmail.com",
      "main_image": "image/upload/v1631243172/q7qbsmtv0hxdwaqapto0.jpg",
      "gender": "female",
      "token": "f966ccd5a8ba7b86aa1b41a3e82c66be2cf29c6ec19cb7ed3339b400cc9a",
      "token_expires": "2021-11-30T03:14:50.614Z",
      "created_at": "2021-09-10T03:02:45.752Z",
      "updated_at": "2021-09-10T03:14:50.614Z"
    }
  },
  {
    "model": "users.user",
    "pk": 8,
    "fields": {
      "username": "Jake",
      "password": "pbkdf2_sha256$260000$tKEjERmuKxFGLhphRP7AXy$gbgUlEYWSLNZjeDbfGfp3BeinmjfA0F9I1SNzHTigh8=",
      "email": "jake@gmail.com",
      "main_image": "image/upload/v1631244009/ta6ljgtkgscnejpbmssi.jpg",
      "gender": "male",
      "token": "5f8288e778fb13f406dbd08dfd5496318d77db96df1d64a8892cd0c2110d",
      "token_expires": "2021-11-30T03:20:07.754Z",
      "created_at": "2021-09-10T03:20:10.469Z",
      "updated_at": "2021-09-10T03:20:10.469Z"
    }
  },
  {
    "model": "users.user",
    "pk": 9,
    "fields": {
      "username": "Chandler",
      "password": "pbkdf2_sha256$260000$AyveHvrKpCxl8M2fGtiWvR$NzeSH73WwFZx4OqbhmYcK/5CoRr9Yp+QvUDQjS1ZfoQ=",
      "email": "chandler@gmail.com",
      "main_image": "image/upload/v1631244052/ageksuxhfrajwqyxpenu.jpg",
      "gender": "male",
      "token": "e184d113fd9e219e0ecfde8f3197c16fd783b196bd8977bdacb7bcabf1f6",
      "token_expires": "2021-11-30T03:20:51.714Z",
      "created_at": "2021-09-10T03:20:53.182Z",
      "updated_at": "2021-09-10T03:20:53.182Z"
    }
  },
  {
    "model": "users.user",
    "pk": 10,
    "fields": {
      "username": "Lesley",
      "password": "pbkdf2_sha256$260000$Dbyx1jzvpgGEGG1bDGtMs6$HZvuzvC2ySG1o+tbxTEheXeRlcT1EFRrkc01kcIZ35k=",
      "email": "lesley@gmail.com",
      "main_image": "image/upload/v1631244096/vwosox8tbn6neeuyo2cq.jpg",
      "gender": "male",
      "token": "77f44489092e7db9b83a400d95fcd0fc456453979f33ba87d251d21439b2",
      "token_expires": "2021-11-30T03:21:35.155Z",
      "created_at": "2021-09-10T03:21:36.799Z",
      "updated_at": "2021-09-10T03:21:36.799Z"
    }
  },
  {
    "model": "likes.like",
    "pk": 8,
    "fields": {
      "send_user_id": 1,
      "receive_user_id": 10,
      "created_at": "2021-09-10T03:28:36.515Z",
      "updated_at": "2021-09-10T03:28:36.515Z"
    }
  },
  {
    "model": "likes.like",
    "pk": 9,
    "fields": {
      "send_user_id": 1,
      "receive_user_id": 9,
      "created_at": "2021-09-10T03:28:40.275Z",
      "updated_at": "2021-09-10T03:28:40.275Z"
    }
  },
  {
    "model": "likes.like",
    "pk": 10,
    "fields": {
      "send_user_id": 1,
      "receive_user_id": 5,
      "created_at": "2021-09-10T03:28:43.764Z",
      "updated_at": "2021-09-10T03:28:43.764Z"
    }
  },
  {
    "model": "likes.like",
    "pk": 11,
    "fields": {
      "send_user_id": 10,
      "receive_user_id": 7,
      "created_at": "2021-09-10T03:28:52.772Z",
      "updated_at": "2021-09-10T03:28:52.772Z"
    }
  },
  {
    "model": "likes.like",
    "pk": 12,
    "fields": {
      "send_user_id": 10,
      "receive_user_id": 6,
      "created_at": "2021-09-10T03:28:53.806Z",
      "updated_at": "2021-09-10T03:28:53.806Z"
    }
  },
  {
    "model": "likes.like",
    "pk": 13,
    "fields": {
      "send_user_id": 10,
      "receive_user_id": 1,
      "created_at": "2021-09-10T03:28:57.205Z",
      "updated_at": "2021-09-10T03:28:57.205Z"
    }
  },
  {
    "model": "likes.like",
    "pk": 14,
    "fields": {
      "send_user_id": 8,
      "receive_user_id": 7,
      "created_at": "2021-09-10T03:42:20.929Z",
      "updated_at": "2021-09-10T03:42:20.929Z"
    }
  },
  {
    "model": "likes.like",
    "pk": 15,
    "fields": {
      "send_user_id": 8,
      "receive_user_id": 6,
      "created_at": "2021-09-10T03:42:21.830Z",
      "updated_at": "2021-09-10T03:42:21.830Z"
    }
  },
  {
    "model": "likes.like",
    "pk": 16,
    "fields": {
      "send_user_id": 2,
      "receive_user_id": 10,
      "created_at": "2021-09-10T03:42:40.377Z",
      "updated_at": "2021-09-10T03:42:40.377Z"
    }
  },
  {
    "model": "likes.like",
    "pk": 17,
    "fields": {
      "send_user_id": 2,
      "receive_user_id": 9,
      "created_at": "2021-09-10T03:42:40.945Z",
      "updated_at": "2021-09-10T03:42:40.945Z"
    }
  },
  {
    "model": "likes.like",
    "pk": 18,
    "fields": {
      "send_user_id": 2,
      "receive_user_id": 8,
      "created_at": "2021-09-10T03:42:47.790Z",
      "updated_at": "2021-09-10T03:42:47.790Z"
    }
  },
  {
    "model": "likes.like",
    "pk": 19,
    "fields": {
      "send_user_id": 4,
      "receive_user_id": 6,
      "created_at": "2021-09-10T03:43:12.772Z",
      "updated_at": "2021-09-10T03:43:12.772Z"
    }
  },
  {
    "model": "likes.like",
    "pk": 20,
    "fields": {
      "send_user_id": 4,
      "receive_user_id": 3,
      "created_at": "2021-09-10T03:43:13.641Z",
      "updated_at": "2021-09-10T03:43:13.641Z"
    }
  },
  {
    "model": "likes.like",
    "pk": 21,
    "fields": {
      "send_user_id": 5,
      "receive_user_id": 6,
      "created_at": "2021-09-10T03:43:38.689Z",
      "updated_at": "2021-09-10T03:43:38.689Z"
    }
  },
  {
    "model": "likes.like",
    "pk": 22,
    "fields": {
      "send_user_id": 5,
      "receive_user_id": 2,
      "created_at": "2021-09-10T03:43:40.764Z",
      "updated_at": "2021-09-10T03:43:40.764Z"
    }
  },
  {
    "model": "likes.like",
    "pk": 23,
    "fields": {
      "send_user_id": 5,
      "receive_user_id": 1,
      "created_at": "2021-09-10T03:43:46.053Z",
      "updated_at": "2021-09-10T03:43:46.053Z"
    }
  },
  {
    "model": "likes.like",
    "pk": 24,
    "fields": {
      "send_user_id": 9,
      "receive_user_id": 1,
      "created_at": "2021-09-10T03:51:32.061Z",
      "updated_at": "2021-09-10T03:51:32.061Z"
    }
  },
  {
    "model": "likes.like",
    "pk": 25,
    "fields": {
      "send_user_id": 7,
      "receive_user_id": 10,
      "created_at": "2021-09-10T03:54:08.171Z",
      "updated_at": "2021-09-10T03:54:08.171Z"
    }
  },
  {
    "model": "likes.like",
    "pk": 26,
    "fields": {
      "send_user_id": 7,
      "receive_user_id": 9,
      "created_at": "2021-09-10T03:54:08.708Z",
      "updated_at": "2021-09-10T03:54:08.708Z"
    }
  },
  {
    "model": "likes.like",
    "pk": 27,
    "fields": {
      "send_user_id": 7,
      "receive_user_id": 8,
      "created_at": "2021-09-10T03:54:09.337Z",
      "updated_at": "2021-09-10T03:54:09.337Z"
    }
  },
  {
    "model": "likes.like",
    "pk": 28,
    "fields": {
      "send_user_id": 7,
      "receive_user_id": 5,
      "created_at": "2021-09-10T03:54:22.059Z",
      "updated_at": "2021-09-10T03:54:22.059Z"
    }
  },
  {
    "model": "likes.like",
    "pk": 29,
    "fields": {
      "send_user_id": 5,
      "receive_user_id": 7,
      "created_at": "2021-09-10T03:57:04.813Z",
      "updated_at": "2021-09-10T03:57:04.813Z"
    }
  },
  {
    "model": "likes.like",
    "pk": 30,
    "fields": {
      "send_user_id": 3,
      "receive_user_id": 10,
      "created_at": "2021-09-10T04:43:51.743Z",
      "updated_at": "2021-09-10T04:43:51.743Z"
    }
  },
  {
    "model": "likes.like",
    "pk": 31,
    "fields": {
      "send_user_id": 3,
      "receive_user_id": 9,
      "created_at": "2021-09-10T04:43:52.229Z",
      "updated_at": "2021-09-10T04:43:52.229Z"
    }
  },
  {
    "model": "likes.like",
    "pk": 32,
    "fields": {
      "send_user_id": 3,
      "receive_user_id": 8,
      "created_at": "2021-09-10T04:43:52.770Z",
      "updated_at": "2021-09-10T04:43:52.770Z"
    }
  },
  {
    "model": "matches.match",
    "pk": 5,
    "fields": {
      "user_id_1": 10,
      "user_id_2": 1,
      "created_at": "2021-09-10T03:28:57.186Z",
      "updated_at": "2021-09-10T03:28:57.195Z"
    }
  },
  {
    "model": "matches.match",
    "pk": 6,
    "fields": {
      "user_id_1": 5,
      "user_id_2": 1,
      "created_at": "2021-09-10T03:43:46.028Z",
      "updated_at": "2021-09-10T03:43:46.047Z"
    }
  },
  {
    "model": "matches.match",
    "pk": 7,
    "fields": {
      "user_id_1": 9,
      "user_id_2": 1,
      "created_at": "2021-09-10T03:51:32.021Z",
      "updated_at": "2021-09-10T03:51:32.054Z"
    }
  },
  {
    "model": "matches.match",
    "pk": 8,
    "fields": {
      "user_id_1": 7,
      "user_id_2": 10,
      "created_at": "2021-09-10T03:54:08.138Z",
      "updated_at": "2021-09-10T03:54:08.161Z"
    }
  },
  {
    "model": "matches.match",
    "pk": 9,
    "fields": {
      "user_id_1": 7,
      "user_id_2": 8,
      "created_at": "2021-09-10T03:54:09.307Z",
      "updated_at": "2021-09-10T03:54:09.329Z"
    }
  },
  {
    "model": "matches.match",
    "pk": 10,
    "fields": {
      "user_id_1": 5,
      "user_id_2": 7,
      "created_at": "2021-09-10T03:57:04.797Z",
      "updated_at": "2021-09-10T03:57:04.801Z"
    }
  },
  {
    "model": "chats.chat",
    "pk": 382,
    "fields": {
      "match_id": 5,
      "send_user_id": 1,
      "receive_user_id": 10,
      "body": "Hi, we're matched!",
      "created_at": "2021-09-10T03:30:18.585Z",
      "updated_at": "2021-09-10T03:30:18.585Z"
    }
  },
  {
    "model": "chats.chat",
    "pk": 383,
    "fields": {
      "match_id": 5,
      "send_user_id": 10,
      "receive_user_id": 1,
      "body": "Hello yeah, cool",
      "created_at": "2021-09-10T03:30:27.908Z",
      "updated_at": "2021-09-10T03:30:27.908Z"
    }
  },
  {
    "model": "chats.chat",
    "pk": 384,
    "fields": {
      "match_id": 5,
      "send_user_id": 1,
      "receive_user_id": 10,
      "body": "Let's hangout tonight!",
      "created_at": "2021-09-10T03:39:24.255Z",
      "updated_at": "2021-09-10T03:39:24.255Z"
    }
  },
  {
    "model": "chats.chat",
    "pk": 385,
    "fields": {
      "match_id": 5,
      "send_user_id": 10,
      "receive_user_id": 1,
      "body": "Alright straightforward huh... I'm down.",
      "created_at": "2021-09-10T03:40:22.399Z",
      "updated_at": "2021-09-10T03:40:22.399Z"
    }
  },
  {
    "model": "chats.chat",
    "pk": 386,
    "fields": {
      "match_id": 5,
      "send_user_id": 1,
      "receive_user_id": 10,
      "body": "Okay cool.",
      "created_at": "2021-09-10T03:40:37.647Z",
      "updated_at": "2021-09-10T03:40:37.647Z"
    }
  },
  {
    "model": "chats.chat",
    "pk": 387,
    "fields": {
      "match_id": 6,
      "send_user_id": 1,
      "receive_user_id": 5,
      "body": "Yolo Friday ^^ ",
      "created_at": "2021-09-10T03:49:08.902Z",
      "updated_at": "2021-09-10T03:49:08.902Z"
    }
  },
  {
    "model": "chats.chat",
    "pk": 388,
    "fields": {
      "match_id": 6,
      "send_user_id": 5,
      "receive_user_id": 1,
      "body": "TGIF ;)",
      "created_at": "2021-09-10T03:50:02.875Z",
      "updated_at": "2021-09-10T03:50:02.876Z"
    }
  },
  {
    "model": "chats.chat",
    "pk": 389,
    "fields": {
      "match_id": 6,
      "send_user_id": 5,
      "receive_user_id": 1,
      "body": "Hangout tonight ?",
      "created_at": "2021-09-10T03:50:16.070Z",
      "updated_at": "2021-09-10T03:50:16.070Z"
    }
  },
  {
    "model": "chats.chat",
    "pk": 390,
    "fields": {
      "match_id": 6,
      "send_user_id": 1,
      "receive_user_id": 5,
      "body": "Sure",
      "created_at": "2021-09-10T03:50:17.969Z",
      "updated_at": "2021-09-10T03:50:17.969Z"
    }
  },
  {
    "model": "chats.chat",
    "pk": 391,
    "fields": {
      "match_id": 7,
      "send_user_id": 9,
      "receive_user_id": 1,
      "body": "Yolo we matched.",
      "created_at": "2021-09-10T03:51:45.107Z",
      "updated_at": "2021-09-10T03:51:45.107Z"
    }
  },
  {
    "model": "chats.chat",
    "pk": 392,
    "fields": {
      "match_id": 8,
      "send_user_id": 7,
      "receive_user_id": 10,
      "body": "cool matched!!!",
      "created_at": "2021-09-10T03:57:36.767Z",
      "updated_at": "2021-09-10T03:57:36.767Z"
    }
  },
  {
    "model": "chats.chat",
    "pk": 393,
    "fields": {
      "match_id": 10,
      "send_user_id": 7,
      "receive_user_id": 5,
      "body": "Cool match!!!",
      "created_at": "2021-09-10T03:57:59.873Z",
      "updated_at": "2021-09-10T03:57:59.873Z"
    }
  },
  {
    "model": "chats.chat",
    "pk": 394,
    "fields": {
      "match_id": 10,
      "send_user_id": 5,
      "receive_user_id": 7,
      "body": "That's cool",
      "created_at": "2021-09-10T03:58:06.771Z",
      "updated_at": "2021-09-10T03:58:06.771Z"
    }
  },
  {
    "model": "chats.chat",
    "pk": 395,
    "fields": {
      "match_id": 9,
      "send_user_id": 7,
      "receive_user_id": 8,
      "body": "Hello !!",
      "created_at": "2021-09-10T03:58:17.687Z",
      "updated_at": "2021-09-10T03:58:17.687Z"
    }
  },
  {
    "model": "chats.chat",
    "pk": 410,
    "fields": {
      "match_id": 9,
      "send_user_id": 8,
      "receive_user_id": 7,
      "body": "Well hello",
      "created_at": "2021-09-10T05:08:12.130Z",
      "updated_at": "2021-09-10T05:08:12.130Z"
    }
  }
]
